Ship.Mode,avg_shipping_cost,total_profit
Standard Class,26.3466328261969,483944.52627
Second Class,37.0456538479316,165362.77002
First Class,50.671600219573406,125811.31251
Same Day,49.20352049252419,37196.87571
